Workbook
Name рассчитываемБИПЦ: [1]БИПЦ!$D$1

Sheet Прогноз
E1: 46181 | F1: 46181 | G1: 46163 | H1: 46163
A2: Дата | B2: -0.5 | E2: MoM | F2: YoY | G2: MoM | H2: YoY | I2: 3mmasaar
A3: 44562 | E3: 101.22 | F3: 108.84
A4: 44593 | E4: 100.94 | F4: 108.73
A5: 44621 | E5: 105.55 | F5: 113.29 | I5: =AVERAGE($E3:$E5)^12/100^11-100 -> 35.595184
A6: 44652 | E6: 103.28 | F6: 116 | I6: =AVERAGE($E4:$E6)^12/100^11-100 -> 46.89845
A7: 44682 | E7: 100.68 | F7: 116.31 | I7: =AVERAGE($E5:$E7)^12/100^11-100 -> 45.425701
A8: 44713 | E8: 99.32 | F8: 114.88 | I8: =AVERAGE($E6:$E8)^12/100^11-100 -> 13.938422
A9: 44743 | E9: 99.23 | F9: 113.75 | I9: =AVERAGE($E7:$E9)^12/100^11-100 -> -3.0368905
A10: 44774 | E10: 99.43 | F10: 112.92 | I10: =AVERAGE($E8:$E10)^12/100^11-100 -> -7.787386
A11: 44805 | E11: 100.33 | F11: 112.46 | I11: =AVERAGE($E9:$E11)^12/100^11-100 -> -3.9660258
A12: 44835 | E12: 100.66 | F12: 112.17 | I12: =AVERAGE($E10:$E12)^12/100^11-100 -> 1.6929966
A13: 44866 | E13: 100.26 | F13: 111.51 | I13: =AVERAGE($E11:$E13)^12/100^11-100 -> 5.1161898
A14: 44896 | E14: 100.57 | F14: 111.9 | I14: =AVERAGE($E12:$E14)^12/100^11-100 -> 6.1255331
A15: 44927 | E15: 101.13 | F15: 111.8 | I15: =AVERAGE($E13:$E15)^12/100^11-100 -> 8.1279436
A16: 44958 | E16: 100.75 | F16: 111.59 | I16: =AVERAGE($E14:$E16)^12/100^11-100 -> 10.252389
... A23: 45170 | E23: 101.75 | F23: 107.05 | I23: =AVERAGE($E21:$E23)^12/100^11-100 -> 9.0770906
A24: 45200 | B24: =E24-0.5 -> 99.96 | E24: 100.46 | F24: 106.84 | I24: =AVERAGE($E22:$E24)^12/100^11-100 -> 8.9039524
A25: 45231 | E25: 100.74 | F25: 107.34 | I25: =AVERAGE($E23:$E25)^12/100^11-100 -> 12.459572
A26: 45261 | E26: 100.29 | F26: 107.05 | I26: =AVERAGE($E24:$E26)^12/100^11-100 -> 6.1255331
A27: 45292 | E27: 100.87 | F27: 106.77 | I27: =AVERAGE($E25:$E27)^12/100^11-100 -> 7.8704026
A28: 45323 | E28: 100.53 | F28: 106.54 | I28: =AVERAGE($E26:$E28)^12/100^11-100 -> 6.9734306
A29: 45352 | E29: 100.53 | F29: 106.68 | I29: =AVERAGE($E27:$E29)^12/100^11-100 -> 7.9991028
A30: 45383 | E30: 100.38 | F30: 106.32 | I30: =AVERAGE($E28:$E30)^12/100^11-100 -> 5.9145235
A31: 45413 | E31: 100.94 | F31: 107.59 | I31: =AVERAGE($E29:$E31)^12/100^11-100 -> 7.6562147
A32: 45444 | E32: 100.18 | F32: 107.33 | I32: =AVERAGE($E30:$E32)^12/100^11-100 -> 6.1677812
A33: 45474 | E33: 101.07 | F33: 107.94 | I33: =AVERAGE($E31:$E33)^12/100^11-100 -> 9.1204146
A34: 45505 | E34: 100.09 | F34: 108.1 | I34: =AVERAGE($E32:$E34)^12/100^11-100 -> 5.4936577
A35: 45536 | E35: 100.62 | F35: 106.91 | I35: =AVERAGE($E33:$E35)^12/100^11-100 -> 7.3570066
A36: 45566 | E36: 101.02 | F36: 107.49 | I36: =AVERAGE($E34:$E36)^12/100^11-100 -> 7.1437535
... A50: 45992 | E50: 100.29 | F50: 105.28 | I50: =AVERAGE($E48:$E50)^12/100^11-100 -> 3.9497484
A51: 46023 | C51: =E51-100 -> 1.6 | D51: =F51-100 -> 6.07 | E51: 101.6 | F51: =ROUND(PRODUCT(E40:E51)/100^11,2) -> 106.07 | G51: 101.6 | H51: 106.07 | I51: =AVERAGE($E49:$E51)^12/100^11-100 -> 8.4722085
A52: 46054 | C52: =E52-100 -> 1.1 | D52: =F52-100 -> 5.82 | E52: 101.1 | F52: =ROUND(PRODUCT(E41:E52)/100^11,2) -> 105.82 | G52: 101.1 | H52: 105.82 | I52: =AVERAGE($E50:$E52)^12/100^11-100 -> 12.637884
A53: 46082 | C53: =E53-100 -> 0.54 | D53: =F53-100 -> 5.54 | E53: 100.54 | F53: =ROUND(PRODUCT(E42:E53)/100^11,2) -> 105.54 | G53: 100.54 | H53: 105.54 | I53: =AVERAGE($E51:$E53)^12/100^11-100 -> 13.758223
A54: 46113 | C54: =E54-100 -> -0.28 | D54: =F54-100 -> 4.69 | E54: 99.72 | F54: =ROUND(PRODUCT(E43:E54)/100^11,2) -> 104.69 | G54: 99.72 | H54: 104.69 | I54: =AVERAGE($E52:$E54)^12/100^11-100 -> 5.577708
A55: 46143 | C55: =E55-100 -> 0.1 | D55: =F55-100 -> 4.86 | E55: 100.1 | F55: =ROUND(PRODUCT(E44:E55)/100^11,2) -> 104.86 | G55: 99.9 | H55: 104.66 | I55: =AVERAGE($E53:$E55)^12/100^11-100 -> 1.4495421
A56: 46174 | C56: =E56-100 -> 0.3 | D56: =F56-100 -> 5.22 | E56: 100.3 | F56: =ROUND(PRODUCT(E45:E56)/100^11,2) -> 105.22 | G56: 100 | H56: 104.7 | I56: =AVERAGE($E54:$E56)^12/100^11-100 -> 0.48105741
A57: 46204 | C57: =E57-100 -> -0.1 | D57: =F57-100 -> 4.74 | E57: 99.9 | F57: =ROUND(PRODUCT(E46:E57)/100^11,2) -> 104.74 | G57: 99.9 | H57: 104.22 | I57: =AVERAGE($E55:$E57)^12/100^11-100 -> 1.206622
A58: 46235 | E58: 99.85 | F58: =ROUND(PRODUCT(E47:E58)/100^11,2) -> 105.18 | G58: 99.85 | H58: 104.66 | I58: =AVERAGE($E56:$E58)^12/100^11-100 -> 0.20018344
A59: 46266 | E59: 100.45 | F59: =ROUND(PRODUCT(E48:E59)/100^11,2) -> 104.61 | G59: 100.45 | H59: 104.09 | I59: =AVERAGE($E57:$E59)^12/100^11-100 -> 0.80293986
A60: 46296 | E60: 101.3 | F60: =ROUND(PRODUCT(E49:E60)/100^11,2) -> 105.41 | G60: 101.3 | H60: 104.88 | I60: =AVERAGE($E58:$E60)^12/100^11-100 -> 6.5911112
A61: 46327 | E61: 100.3 | F61: =ROUND(PRODUCT(E50:E61)/100^11,2) -> 105.57 | G61: 100.3 | H61: 105.04 | I61: =AVERAGE($E59:$E61)^12/100^11-100 -> 8.5153122
A62: 46357 | E62: 100.35 | F62: =ROUND(PRODUCT(E51:E62)/100^11,2) -> 105.63 | G62: 100.35 | H62: 105.1 | I62: =AVERAGE($E60:$E62)^12/100^11-100 -> 8.084981
A63: 46388 | E63: 100.95 | F63: =ROUND(PRODUCT(E52:E63)/100^11,2) -> 104.96 | G63: 100.95 | H63: 104.43
A64: 46419 | E64: 100.65 | F64: =ROUND(PRODUCT(E53:E64)/100^11,2) -> 104.49 | G64: 100.65 | H64: 103.97
A65: 46447 | E65: 100.5 | F65: =ROUND(PRODUCT(E54:E65)/100^11,2) -> 104.45 | G65: 100.5 | H65: 103.93
A66: 46478 | E66: 100.45 | F66: =ROUND(PRODUCT(E55:E66)/100^11,2) -> 105.21 | G66: 100.45 | H66: 104.69
A67: 46508 | E67: 100.2 | F67: =ROUND(PRODUCT(E56:E67)/100^11,2) -> 105.32 | G67: 100.2 | H67: 105
A68: 46539 | E68: 100.1 | F68: =ROUND(PRODUCT(E57:E68)/100^11,2) -> 105.11 | G68: 100.1 | H68: 105.11
A69: 46569 | E69: 100.05 | F69: =ROUND(PRODUCT(E58:E69)/100^11,2) -> 105.26 | G69: 100.05 | H69: 105.26
A70: 46600 | E70: 99.95 | F70: =ROUND(PRODUCT(E59:E70)/100^11,2) -> 105.37 | G70: 99.95 | H70: 105.37
A71: 46631 | E71: 100.45 | F71: =ROUND(PRODUCT(E60:E71)/100^11,2) -> 105.37 | G71: 100.45 | H71: 105.37
A72: 46661 | E72: 100.45 | F72: =ROUND(PRODUCT(E61:E72)/100^11,2) -> 104.49 | G72: 100.45 | H72: 104.49
A73: 46692 | E73: 100.2 | F73: =ROUND(PRODUCT(E62:E73)/100^11,2) -> 104.38 | G73: 100.2 | H73: 104.38
A74: 46722 | E74: 100 | F74: =ROUND(PRODUCT(E63:E74)/100^11,2) -> 104.02 | G74: 100 | H74: 104.02

Sheet Прогноз (2)
E1: 45887 | F1: 45887 | J1: 45887 | L1: 45887 | N1: 45841 | O1: 45841 | P1: 45750 | T1: ensemble_best_config | U1: xgboost_iqr | V1: vecm | W1: var_iqr | X1: sarima_simple_iqr | Y1: sarima_simple | Z1: sarima_component_iqr | AA1: sarima_component | AB1: prophet_iqr | AC1: lstm_iqr | AD1: lstm | AE1: hybrid_var_xgb | AF1: favar_iqr | AG1: dfm_iqr | AH1: bvar | BD1: 45580 | BE1: 45580
A2: Дата | B2: -0.5 | E2: MoM | F2: YoY | G2: 1 вер mom | H2: 1 вер yoy | I2: 3mmasaar | J2: MoM_Old | K2: MoM разница | L2: YoY_Old | M2: YoY разница | N2: Ростов MoM New | O2: Ростов YoY New | P2: Ростов MoM | Q2: Ростов YoY | BC2: БР | BD2: Ростов + 1 нед октября
A3: 44562 | E3: 101.22 | F3: 108.84 | BD3: 44562 | BE3: 1.22 | BG3: 100 | BH3: =BE3+$BG$3 -> 101.22
A4: 44593 | E4: 100.94 | F4: 108.73 | BD4: 44593 | BE4: 0.94 | BH4: =BE4+$BG$3 -> 100.94
A5: 44621 | E5: 105.55 | F5: 113.29 | I5: =AVERAGE($E3:$E5)^12/100^11-100 -> 35.595184 | BD5: 44621 | BE5: 5.55 | BH5: =BE5+$BG$3 -> 105.55
A6: 44652 | E6: 103.28 | F6: 116 | I6: =AVERAGE($E4:$E6)^12/100^11-100 -> 46.89845 | BD6: 44652 | BE6: 3.28 | BH6: =BE6+$BG$3 -> 103.28
A7: 44682 | E7: 100.68 | F7: 116.31 | I7: =AVERAGE($E5:$E7)^12/100^11-100 -> 45.425701 | BD7: 44682 | BE7: 0.68 | BH7: =BE7+$BG$3 -> 100.68
A8: 44713 | E8: 99.32 | F8: 114.88 | I8: =AVERAGE($E6:$E8)^12/100^11-100 -> 13.938422 | BD8: 44713 | BE8: -0.68 | BH8: =BE8+$BG$3 -> 99.32
A9: 44743 | E9: 99.23 | F9: 113.75 | I9: =AVERAGE($E7:$E9)^12/100^11-100 -> -3.0368905 | BD9: 44743 | BE9: -0.77 | BH9: =BE9+$BG$3 -> 99.23
A10: 44774 | E10: 99.43 | F10: 112.92 | I10: =AVERAGE($E8:$E10)^12/100^11-100 -> -7.787386 | BD10: 44774 | BE10: -0.57 | BH10: =BE10+$BG$3 -> 99.43
A11: 44805 | E11: 100.33 | F11: 112.46 | I11: =AVERAGE($E9:$E11)^12/100^11-100 -> -3.9660258 | BD11: 44805 | BE11: 0.33 | BH11: =BE11+$BG$3 -> 100.33
A12: 44835 | E12: 100.66 | F12: 112.17 | I12: =AVERAGE($E10:$E12)^12/100^11-100 -> 1.6929966 | BD12: 44835 | BE12: 0.66 | BH12: =BE12+$BG$3 -> 100.66
A13: 44866 | E13: 100.26 | F13: 111.51 | I13: =AVERAGE($E11:$E13)^12/100^11-100 -> 5.1161898 | BD13: 44866 | BE13: 0.26 | BH13: =BE13+$BG$3 -> 100.26
A14: 44896 | E14: 100.57 | F14: 111.9 | I14: =AVERAGE($E12:$E14)^12/100^11-100 -> 6.1255331 | BD14: 44896 | BE14: 0.57 | BH14: =BE14+$BG$3 -> 100.57
A15: 44927 | E15: 101.13 | F15: 111.8 | I15: =AVERAGE($E13:$E15)^12/100^11-100 -> 8.1279436 | BD15: 44927 | BE15: 1.13 | BH15: =BE15+$BG$3 -> 101.13
A16: 44958 | E16: 100.75 | F16: 111.59 | I16: =AVERAGE($E14:$E16)^12/100^11-100 -> 10.252389 | K16: 0.09 | L16: 100 | M16: =K16+L16 -> 100.09 | BD16: 44958 | BE16: 0.75 | BH16: =BE16+$BG$3 -> 100.75
A17: 44986 | E17: 100.39 | F17: 106.14 | I17: =AVERAGE($E15:$E17)^12/100^11-100 -> 9.4675745 | K17: 0.62 | L17: 100 | M17: =K17+L17 -> 100.62 | BD17: 44986 | BE17: 0.39 | BH17: =BE17+$BG$3 -> 100.39
A18: 45017 | E18: 100.72 | F18: 103.51 | I18: =AVERAGE($E16:$E18)^12/100^11-100 -> 7.6990211 | BD18: 45017 | BE18: 0.72 | BH18: =BE18+$BG$3 -> 100.72
A19: 45047 | E19: 99.75 | F19: 102.55 | I19: =AVERAGE($E17:$E19)^12/100^11-100 -> 3.494759 | BD19: 45047 | BE19: -0.25 | BH19: =BE19+$BG$3 -> 99.75
A20: 45078 | E20: 100.43 | F20: 103.69 | I20: =AVERAGE($E18:$E20)^12/100^11-100 -> 3.659998 | BD20: 45078 | BE20: 0.43 | BH20: =BE20+$BG$3 -> 100.43
A21: 45108 | E21: 100.5 | F21: 105.03 | I21: =AVERAGE($E19:$E21)^12/100^11-100 -> 2.7541668 | BD21: 45108 | BE21: 0.5 | BH21: =BE21+$BG$3 -> 100.5
A22: 45139 | E22: 99.93 | F22: 105.56 | I22: =AVERAGE($E20:$E22)^12/100^11-100 -> 3.494759 | M22: =F22-L22 -> 105.56 | N22: =E22 -> 99.93 | BD22: 45139 | BE22: -0.07 | BH22: =BE22+$BG$3 -> 99.93
A23: 45170 | E23: 101.75 | F23: 107.05 | I23: =AVERAGE($E21:$E23)^12/100^11-100 -> 9.0770906 | M23: =F23-L23 -> 107.05 | N23: =E23 -> 101.75 | BD23: 45170 | BE23: 1.75 | BH23: =BE23+$BG$3 -> 101.75
A24: 45200 | B24: =E24-0.5 -> 99.96 | E24: 100.46 | F24: 106.84 | I24: =AVERAGE($E22:$E24)^12/100^11-100 -> 8.9039524 | M24: =F24-L24 -> 106.84 | BD24: 45200 | BE24: 0.46 | BH24: =BE24+$BG$3 -> 100.46
A25: 45231 | E25: 100.74 | F25: 107.34 | G25: 107.34 | I25: =AVERAGE($E23:$E25)^12/100^11-100 -> 12.459572 | M25: =F25-L25 -> 107.34 | BD25: 45231 | BE25: 0.74 | BH25: =BE25+$BG$3 -> 100.74
A26: 45261 | E26: 100.29 | F26: 107.05 | G26: 100.29 | I26: =AVERAGE($E24:$E26)^12/100^11-100 -> 6.1255331 | M26: =F26-L26 -> 107.05 | BD26: 45261 | BE26: 0.29 | BH26: =BE26+$BG$3 -> 100.29
A27: 45292 | E27: 100.87 | F27: 106.77 | G27: 100.87 | I27: =AVERAGE($E25:$E27)^12/100^11-100 -> 7.8704026 | BD27: 45292 | BE27: 0.87 | BH27: =BE27+$BG$3 -> 100.87
A28: 45323 | E28: 100.53 | F28: 106.54 | G28: 100.53 | I28: =AVERAGE($E26:$E28)^12/100^11-100 -> 6.9734306 | BD28: 45323 | BE28: 0.53 | BH28: =BE28+$BG$3 -> 100.53
A29: 45352 | E29: 100.53 | F29: 106.68 | G29: 100.53 | I29: =AVERAGE($E27:$E29)^12/100^11-100 -> 7.9991028 | BD29: 45352 | BE29: 0.53 | BH29: =BE29+$BG$3 -> 100.53
A30: 45383 | E30: 100.38 | F30: 106.32 | G30: 100.38 | I30: =AVERAGE($E28:$E30)^12/100^11-100 -> 5.9145235 | BD30: 45383 | BE30: 0.38 | BH30: =BE30+$BG$3 -> 100.38
A31: 45413 | E31: 100.94 | F31: 107.59 | G31: 100.94 | I31: =AVERAGE($E29:$E31)^12/100^11-100 -> 7.6562147 | BD31: 45413 | BE31: 0.94 | BH31: =BE31+$BG$3 -> 100.94
A32: 45444 | E32: 100.18 | F32: 107.33 | G32: 100.18 | I32: =AVERAGE($E30:$E32)^12/100^11-100 -> 6.1677812 | P32: 99.994219 | Q32: 106.07036 | R32: 106.01112 | T32: 100.18 | U32: 100.18 | V32: 100.18 | W32: 100.18 | X32: 100.18 | Y32: 100.18 | Z32: 100.18 | AA32: 100.18 | AB32: 100.18 | AC32: 100.18 | AD32: 100.18 | AE32: 100.18 | AF32: 100.18 | AG32: 100.18 | AH32: 100.18 | BD32: 45444 | BE32: 0.18 | BH32: =BE32+$BG$3 -> 100.18
A33: 45474 | E33: 101.07 | F33: 107.94 | G33: 101.07 | I33: =AVERAGE($E31:$E33)^12/100^11-100 -> 9.1204146 | K33: =E33-J33 -> 101.07 | P33: 100.72 | Q33: 106.77127 | R33: 104.91752 | T33: 101.07 | U33: 101.07 | V33: 101.07 | W33: 101.07 | X33: 101.07 | Y33: 101.07 | Z33: 101.07 | AA33: 101.07 | AB33: 101.07 | AC33: 101.07 | AD33: 101.07 | AE33: 101.07 | AF33: 101.07 | AG33: 101.07 | AH33: 101.07 | BD33: 45474 | BE33: 1.07 | BH33: =BE33+$BG$3 -> 101.07
A34: 45505 | E34: 100.09 | F34: 108.1 | G34: 100.09 | I34: =AVERAGE($E32:$E34)^12/100^11-100 -> 5.4936577 | K34: =E34-J34 -> 100.09 | P34: 100.01719 | Q34: 106.86443 | R34: 105.264 | T34: 100.09 | U34: 100.09 | V34: 100.09 | W34: 100.09 | X34: 100.09 | Y34: 100.09 | Z34: 100.09 | AA34: 100.09 | AB34: 100.09 | AC34: 100.09 | AD34: 100.09 | AE34: 100.09 | AF34: 100.09 | AG34: 100.09 | AH34: 100.09 | BD34: 45505 | BE34: 0.09 | BH34: =BE34+$BG$3 -> 100.09
A35: 45536 | E35: 100.62 | F35: 106.91 | G35: 100.62 | I35: =AVERAGE($E33:$E35)^12/100^11-100 -> 7.3570066 | K35: =E35-J35 -> 100.62 | N35: 100.62 | P35: 100.59467 | Q35: 106.90435 | R35: 104.72241 | T35: 100.62 | U35: 100.62 | V35: 100.62 | W35: 100.62 | X35: 100.62 | Y35: 100.62 | Z35: 100.62 | AA35: 100.62 | AB35: 100.62 | AC35: 100.62 | AD35: 100.62 | AE35: 100.62 | AF35: 100.62 | AG35: 100.62 | AH35: 100.62 | BD35: 45536 | BE35: 0.62 | BH35: =BE35+$BG$3 -> 100.62
A36: 45566 | B36: =E36-0.5 -> 100.52 | E36: 101.02 | F36: 107.49 | G36: 101.02 | I36: =AVERAGE($E34:$E36)^12/100^11-100 -> 7.1437535 | J36: 101.02 | K36: =E36-J36 -> 0 | L36: 107.49 | M36: =F36-L36 -> 0 | N36: 101.02 | P36: 100.48289 | Q36: 106.92871 | R36: 104.56424 | T36: 101.02 | U36: 101.02 | V36: 101.02 | W36: 101.02 | X36: 101.02 | Y36: 101.02 | Z36: 101.02 | AA36: 101.02 | AB36: 101.02 | AC36: 101.02 | AD36: 101.02 | AE36: 101.02 | AF36: 101.02 | AG36: 101.02 | AH36: 101.02
A37: 45597 | B37: =E37-0.5 -> 101 | E37: 101.5 | F37: 108.31 | G37: 101.5 | I37: =AVERAGE($E35:$E37)^12/100^11-100 -> 13.308867 | J37: 101.5 | K37: =E37-J37 -> 0 | L37: 108.31 | M37: =F37-L37 -> 0 | N37: 101.5 | P37: 101.36349 | Q37: 108.16549 | R37: 104.00077 | T37: 101.5 | U37: 101.5 | V37: 101.5 | W37: 101.5 | X37: 101.5 | Y37: 101.5 | Z37: 101.5 | AA37: 101.5 | AB37: 101.5 | AC37: 101.5 | AD37: 101.5 | AE37: 101.5 | AF37: 101.5 | AG37: 101.5 | AH37: 101.5
A38: 45627 | E38: 100.91 | F38: 108.98 | G38: 100.91 | I38: =AVERAGE($E36:$E38)^12/100^11-100 -> 14.616502 | J38: 100.91 | K38: =E38-J38 -> 0 | L38: 108.98 | M38: =F38-L38 -> 0 | N38: 100.91 | P38: 100.55262 | Q38: 108.44873 | R38: 103.81599 | T38: 100.91 | U38: 100.91 | V38: 100.91 | W38: 100.91 | X38: 100.91 | Y38: 100.91 | Z38: 100.91 | AA38: 100.91 | AB38: 100.91 | AC38: 100.91 | AD38: 100.91 | AE38: 100.91 | AF38: 100.91 | AG38: 100.91 | AH38: 100.91 | BC38: 4-4,5
A39: 45658 | E39: 100.84 | F39: 108.95 | G39: 100.65 | H39: =ROUND(PRODUCT(G28:G39)/100^11,2) -> 108.74 | I39: =AVERAGE($E37:$E39)^12/100^11-100 -> 13.803248 | J39: 100.84 | L39: 108.95 | M39: =F39-L39 -> 0 | N39: 100.84 | P39: 101.43 | Q39: 109.59 | T39: 100.84 | U39: 100.84 | V39: 100.84 | W39: 100.84 | X39: 100.84 | Y39: 100.84 | Z39: 100.84 | AA39: 100.84 | AB39: 100.84 | AC39: 100.84 | AD39: 100.84 | AE39: 100.84 | AF39: 100.84 | AG39: 100.84 | AH39: 100.84
A40: 45689 | E40: 101.34 | F40: 109.83 | G40: 100.5 | H40: =ROUND(PRODUCT(G29:G40)/100^11,2) -> 108.71 | I40: =AVERAGE($E38:$E40)^12/100^11-100 -> 13.0848 | J40: 101.34 | K40: =E40-J40 -> 0 | L40: 109.83 | M40: =F40-L40 -> 0 | N40: 101.34 | P40: 100.84936 | Q40: 109.29444 | T40: 101.34 | U40: 101.34 | V40: 101.34 | W40: 101.34 | X40: 101.34 | Y40: 101.34 | Z40: 101.34 | AA40: 101.34 | AB40: 101.34 | AC40: 101.34 | AD40: 101.34 | AE40: 101.34 | AF40: 101.34 | AG40: 101.34 | AH40: 101.34
A41: 45717 | E41: 100.81 | F41: 110.13 | G41: 100.56 | H41: =ROUND(PRODUCT(G30:G41)/100^11,2) -> 108.74 | I41: =AVERAGE($E39:$E41)^12/100^11-100 -> 12.637884 | J41: 100.81 | K41: =E41-J41 -> 0 | L41: 110.13 | M41: =F41-L41 -> 0 | N41: 100.81 | P41: 100.79272 | Q41: 109.58006 | T41: 100.81 | U41: 100.81 | V41: 100.81 | W41: 100.81 | X41: 100.81 | Y41: 100.81 | Z41: 100.81 | AA41: 100.81 | AB41: 100.81 | AC41: 100.81 | AD41: 100.81 | AE41: 100.81 | AF41: 100.81 | AG41: 100.81 | AH41: 100.81
A42: 45748 | E42: 100.53 | F42: 110.3 | G42: 100.45 | H42: =ROUND(PRODUCT(G31:G42)/100^11,2) -> 108.82 | I42: =AVERAGE($E40:$E42)^12/100^11-100 -> 11.262713 | J42: 100.53 | K42: =E42-J42 -> 0 | L42: 110.3 | M42: =F42-L42 -> 0 | N42: 100.53 | P42: 100.80314 | Q42: 109.9883 | T42: 100.53 | U42: 100.53 | V42: 100.53 | W42: 100.53 | X42: 100.53 | Y42: 100.53 | Z42: 100.53 | AA42: 100.53 | AB42: 100.53 | AC42: 100.53 | AD42: 100.53 | AE42: 100.53 | AF42: 100.53 | AG42: 100.53 | AH42: 100.53
A43: 45778 | E43: 99.93 | F43: 109.2 | G43: 100.2 | H43: =ROUND(PRODUCT(G32:G43)/100^11,2) -> 108.02 | I43: =AVERAGE($E41:$E43)^12/100^11-100 -> 5.1999644 | J43: 99.93 | K43: =E43-J43 -> 0 | L43: 109.2 | M43: =F43-L43 -> 0 | N43: 99.93 | P43: 100.32062 | Q43: 109.4705 | T43: 99.93 | U43: 99.93 | V43: 99.93 | W43: 99.93 | X43: 99.93 | Y43: 99.93 | Z43: 99.93 | AA43: 99.93 | AB43: 99.93 | AC43: 99.93 | AD43: 99.93 | AE43: 99.93 | AF43: 99.93 | AG43: 99.93 | AH43: 99.93
A44: 45809 | C44: =E44-100 -> -0.04 | D44: =F44-100 -> 8.96 | E44: 99.96 | F44: 108.96 | G44: 100.09 | H44: =ROUND(PRODUCT(G33:G44)/100^11,2) -> 107.92 | I44: =AVERAGE($E42:$E44)^12/100^11-100 -> 1.6929966 | J44: 99.96 | K44: =E44-J44 -> 0 | L44: 108.96 | M44: =F44-L44 -> 0 | N44: 99.96 | P44: 100.19972 | Q44: 109.61019 | T44: 100 | U44: 100.26 | V44: 99.74 | W44: 99.32 | X44: 99.99 | Y44: 99.86 | Z44: 100.12 | AA44: 100.03 | AB44: 100.39 | AC44: 100.11 | AD44: 100.06 | AE44: 99.78 | AF44: 100 | AG44: 100.11 | AH44: 100.02
A45: 45839 | C45: =E45-100 -> 0.36 | D45: =F45-100 -> 8.19 | E45: 100.36 | F45: 108.19 | G45: 101 | H45: =ROUND(PRODUCT(G34:G45)/100^11,2) -> 107.85 | I45: =AVERAGE($E43:$E45)^12/100^11-100 -> 1.0045961 | J45: 100.9 | K45: =E45-J45 -> -0.54 | L45: 108.77 | M45: =F45-L45 -> -0.58 | N45: 100.36 | P45: 100.25857 | Q45: 108.78066 | T45: 100.09 | U45: 100.44 | V45: 99.71 | W45: 99.62 | X45: 100.13 | Y45: 100.18 | Z45: 100.13 | AA45: 100.48 | AB45: 100.51 | AC45: 99.9 | AD45: 100.32 | AE45: 99.99 | AF45: 100.11 | AG45: 100.05 | AH45: 99.96
A46: 45870 | C46: 0.1 | D46: =F46-100 -> 7.48 | E46: 99.43 | F46: 107.48 | G46: 99.93 | H46: =ROUND(PRODUCT(G35:G46)/100^11,2) -> 107.68 | I46: =AVERAGE($E44:$E46)^12/100^11-100 -> -0.99542937 | J46: 100.2 | K46: =E46-J46 -> -0.77 | L46: 108.89 | M46: =F46-L46 -> -1.41 | N46: 100.11402 | O46: =ROUND(PRODUCT(N35:N46)/100^11,2) -> 108.21 | P46: 100.28198 | Q46: 108.97863 | T46: 99.96 | U46: 100.04 | V46: 99.64 | W46: 99.62 | X46: 99.99 | Y46: 99.98 | Z46: 100.05 | AA46: 100.04 | AB46: 100.19 | AC46: 99.92 | AD46: 100.99 | AE46: 100.1 | AF46: 99.95 | AG46: 99.81 | AH46: 100.15
A47: 45901 | C47: =E47-100 -> 1 | D47: =F47-100 -> 7.88 | E47: 101 | F47: =ROUND(PRODUCT(E36:E47)/100^11,2) -> 107.88 | G47: 100.2 | H47: =ROUND(PRODUCT(G36:G47)/100^11,2) -> 107.23 | I47: =AVERAGE($E45:$E47)^12/100^11-100 -> 3.2061715 | J47: 100.35 | K47: =E47-J47 -> 0.65 | L47: 108.6 | M47: =F47-L47 -> -0.72 | N47: 100.75679 | O47: =ROUND(PRODUCT(N36:N47)/100^11,2) -> 108.36 | P47: 100.87025 | Q47: 109.17186 | T47: 100.35 | U47: 100.41 | V47: 99.88 | W47: 100.2 | X47: 100.46 | Y47: 100.49 | Z47: 100.46 | AA47: 100.44 | AB47: 100.58 | AC47: 100.02 | AD47: 100.84 | AE47: 100.61 | AF47: 100.39 | AG47: 100.29 | AH47: 100.52
A48: 45931 | C48: =E48-100 -> 0.53 | D48: =F48-100 -> 7.36 | E48: 100.53 | F48: =ROUND(PRODUCT(E37:E48)/100^11,2) -> 107.36 | G48: 100.48 | H48: =ROUND(PRODUCT(G37:G48)/100^11,2) -> 106.65 | I48: =AVERAGE($E46:$E48)^12/100^11-100 -> 3.9083101 | J48: 100.58 | K48: =E48-J48 -> -0.05 | L48: 107.41 | M48: =F48-L48 -> -0.05 | N48: 100.77963 | O48: =ROUND(PRODUCT(N37:N48)/100^11,2) -> 108.1 | P48: 100.93146 | Q48: 108.94187 | T48: 100.5 | U48: 100.57 | V48: 100.08 | W48: 100.42 | X48: 100.6 | Y48: 100.62 | Z48: 100.57 | AA48: 100.57 | AB48: 100.86 | AC48: 100.2 | AD48: 100.7 | AE48: 100.61 | AF48: 100.52 | AG48: 100.45 | AH48: 100.53
A49: 45962 | C49: =E49-100 -> 0.2 | D49: =F49-100 -> 5.98 | E49: 100.2 | F49: =ROUND(PRODUCT(E38:E49)/100^11,2) -> 105.98 | G49: 100.35 | H49: =ROUND(PRODUCT(G38:G49)/100^11,2) -> 105.45 | I49: =AVERAGE($E47:$E49)^12/100^11-100 -> 7.1437535 | J49: 100.55 | K49: =E49-J49 -> -0.35 | L49: 106.41 | M49: =F49-L49 -> -0.43 | N49: 101.0209 | O49: =ROUND(PRODUCT(N38:N49)/100^11,2) -> 107.59 | P49: 101.01877 | Q49: 108.32254 | R49: Доклад 07.25 | T49: 100.57 | U49: 100.63 | V49: 100.11 | W49: 100.43 | X49: 100.67 | Y49: 100.67 | Z49: 100.68 | AA49: 100.73 | AB49: 100.97 | AC49: 100.08 | AD49: 101.47 | AE49: 100.14 | AF49: 100.56 | AG49: 100.52 | AH49: 100.52
A50: 45992 | C50: =E50-100 -> 0.65 | D50: =F50-100 -> 5.71 | E50: 100.65 | F50: =ROUND(PRODUCT(E39:E50)/100^11,2) -> 105.71 | G50: 100.3 | H50: =ROUND(PRODUCT(G39:G50)/100^11,2) -> 104.81 | I50: =AVERAGE($E48:$E50)^12/100^11-100 -> 5.6618197 | J50: 100.6 | K50: =E50-J50 -> 0.05 | L50: 106.08 | M50: =F50-L50 -> -0.37 | N50: 100.94072 | O50: =ROUND(PRODUCT(N39:N50)/100^11,2) -> 107.63 | P50: 100.8024 | Q50: 108.27916 | R50: 106.2 | T50: 100.62 | U50: 100.58 | V50: 100.14 | W50: 100.32 | X50: 100.71 | Y50: 100.8 | Z50: 100.41 | AA50: 100.67 | AB50: 101.06 | AC50: 100.63 | AD50: 103.44 | AE50: 100.39 | AF50: 100.6 | AG50: 100.59 | AH50: 100.71 | BC50: 4
A51: 46023 | C51: =E51-100 -> 0.65 | D51: =F51-100 -> 5.51 | E51: 100.65 | F51: =ROUND(PRODUCT(E40:E51)/100^11,2) -> 105.51 | G51: 100.51694 | H51: =ROUND(PRODUCT(G40:G51)/100^11,2) -> 104.67 | J51: 100.55 | L51: 105.77 | N51: 100.85521 | O51: =ROUND(PRODUCT(N40:N51)/100^11,2) -> 107.64 | P51: 100.92095 | Q51: 108.07602 | T51: 100.69 | U51: 100.49 | V51: 100.28 | W51: 100.31 | X51: 100.67 | Y51: 101.02 | Z51: 100.79 | AA51: 100.93 | AB51: 100.96 | AC51: 100.78 | AD51: 102.57 | AE51: 100.45 | AF51: 100.39 | AG51: 100.38 | AH51: 100.91
A52: 46054 | C52: =E52-100 -> 0.68 | D52: =F52-100 -> 4.82 | E52: 100.68 | F52: =ROUND(PRODUCT(E41:E52)/100^11,2) -> 104.82 | G52: 100.43 | H52: =ROUND(PRODUCT(G41:G52)/100^11,2) -> 104.6 | J52: 100.5 | L52: 104.9 | N52: 100.82935 | O52: =ROUND(PRODUCT(N41:N52)/100^11,2) -> 107.1 | P52: 100.83075 | Q52: 107.76055 | T52: 100.75 | U52: 100.58 | V52: 100.3 | W52: 100.54 | X52: 100.72 | Y52: 100.88 | Z52: 100.76 | AA52: 100.89 | AB52: 101.04 | AC52: 100.85 | AD52: 100.57 | AE52: 100.75 | AF52: 100.62 | AG52: 100.62 | AH52: 100.82
A53: 46082 | C53: =E53-100 -> 0.4848647 | D53: =F53-100 -> 4.48 | E53: 100.48486 | F53: =ROUND(PRODUCT(E42:E53)/100^11,2) -> 104.48 | J53: 100.48486 | L53: 104.56 | N53: 100.6286 | O53: =ROUND(PRODUCT(N42:N53)/100^11,2) -> 106.91 | P53: 100.48486 | Q53: 107.43141 | T53: 100.65 | U53: 100.71 | V53: 100.15 | W53: 100.44 | X53: 100.61 | Y53: 101.03 | Z53: 100.67 | AA53: 101.05 | AB53: 100.94 | AC53: 101.05 | AD53: 99.47 | AE53: 100.59 | AF53: 100.2 | AG53: 100.21 | AH53: 100.65
A54: 46113 | C54: =E54-100 -> 0.5 | D54: =F54-100 -> 4.45 | E54: 100.5 | F54: =ROUND(PRODUCT(E43:E54)/100^11,2) -> 104.45 | J54: 100.5 | L54: 104.53 | N54: 100.58909 | O54: =ROUND(PRODUCT(N43:N54)/100^11,2) -> 106.97 | P54: 100.69129 | Q54: 107.36459 | T54: 100.72 | U54: 100.82 | V54: 100.21 | W54: 100.76 | X54: 100.74 | Y54: 100.94 | Z54: 100.71 | AA54: 100.92 | AB54: 101.05 | AC54: 100.73 | AD54: 99.69 | AE54: 100.64 | AF54: 100.48 | AG54: 100.49 | AH54: 100.8
A55: 46143 | C55: =E55-100 -> 0.2800697 | D55: =F55-100 -> 4.82 | E55: 100.28007 | F55: =ROUND(PRODUCT(E44:E55)/100^11,2) -> 104.82 | J55: 100.28007 | L55: 104.89 | N55: 100.2331 | O55: =ROUND(PRODUCT(N44:N55)/100^11,2) -> 107.29 | P55: 100.28007 | Q55: 107.16717 | T55: 100.48 | U55: 100.67 | V55: 99.98 | W55: 100.33 | X55: 100.47 | Y55: 100.48 | Z55: 100.44 | AA55: 100.42 | AB55: 100.76 | AC55: 100.81 | AD55: 99.75 | AE55: 100.34 | AF55: 100.39 | AG55: 100.4 | AH55: 100.59
A56: 46174 | C56: =E56-100 -> 0.066265 | D56: =F56-100 -> 4.93 | E56: 100.06626 | F56: =ROUND(PRODUCT(E45:E56)/100^11,2) -> 104.93 | J56: 100.06626 | L56: 105 | N56: 100.12416 | O56: =ROUND(PRODUCT(N45:N56)/100^11,2) -> 107.47 | P56: 100.06626 | Q56: 106.90908 | BM56: 45505 | BN56: 45474 | BO56: 45444 | BP56: 45413 | BQ56: 45383 | BR56: 45352 | BS56: 45323 | BT56: 45292 | BU56: 45261 | BV56: 45231 | BW56: 45200 | BX56: 45170 | BY56: 45139 | BZ56: 45108 | CA56: 45078 | CB56: 45047 | CC56: 45017
A57: 46204 | C57: =E57-100 -> 0.4 | D57: =F57-100 -> 4.97 | E57: 100.4 | F57: =ROUND(PRODUCT(E46:E57)/100^11,2) -> 104.97 | J57: 100.6 | L57: 105.26 | N57: 100.07261 | O57: =ROUND(PRODUCT(N46:N57)/100^11,2) -> 107.16 | P57: 99.861322 | Q57: 106.43608 | BF57: МоМ | BK57: МоМ | BM57: =BF72+100 -> 100.94 | BN57: 101.07 | BO57: 100.18 | BP57: 100.94 | BQ57: 100.38 | BR57: 100.53 | BS57: 100.53 | BT57: 100.87 | BU57: 100.29 | BV57: 100.74 | BW57: 100.46 | BX57: 101.75 | BY57: 99.93 | BZ57: 100.5 | CA57: 100.43 | CB57: 99.75 | CC57: 100.72
A58: 46235 | E58: 99.814365 | F58: =ROUND(PRODUCT(E47:E58)/100^11,2) -> 105.38 | J58: 99.814365 | L58: 105.66 | N58: 99.814365 | O58: =ROUND(PRODUCT(N47:N58)/100^11,2) -> 106.84 | P58: 99.814365 | Q58: 105.95015 | BE58: 40299 | BF58: 0.64 | BK58: 3 mma | BM58: =AVERAGE(BM57:BO57) -> 100.73 | BN58: =AVERAGE(BN57:BP57) -> 100.73 | BO58: =AVERAGE(BO57:BQ57) -> 100.5 | BP58: =AVERAGE(BP57:BR57) -> 100.61667 | BQ58: =AVERAGE(BQ57:BS57) -> 100.48 | BR58: =AVERAGE(BR57:BT57) -> 100.64333 | BS58: =AVERAGE(BS57:BU57) -> 100.56333 | BT58: =AVERAGE(BT57:BV57) -> 100.63333 | ... CA58: =AVERAGE(CA57:CC57) -> 100.3
A59: 46266 | E59: 100.07153 | F59: =ROUND(PRODUCT(E48:E59)/100^11,2) -> 104.41 | J59: 100.07153 | L59: 104.69 | N59: 100.07153 | O59: =ROUND(PRODUCT(N48:N59)/100^11,2) -> 106.12 | P59: 100.07153 | Q59: 105.18612 | X59: =100*(1+0.0036)^12 -> 104.40657 | BE59: 40664 | BF59: 0.31 | BK59: 3mma ar | BN59: =AVERAGE(BN$57:BP$57)^12/100^11-100 -> 9.1204146 | BO59: =AVERAGE(BO$57:BQ$57)^12/100^11-100 -> 6.1677812 | BP59: =AVERAGE(BP$57:BR$57)^12/100^11-100 -> 7.6562147 | BQ59: =AVERAGE(BQ$57:BS$57)^12/100^11-100 -> 5.9145235 | BR59: =AVERAGE(BR$57:BT$57)^12/100^11-100 -> 7.9991028 | BS59: =AVERAGE(BS$57:BU$57)^12/100^11-100 -> 6.9734306 | BT59: =AVERAGE(BT$57:BV$57)^12/100^11-100 -> 7.8704026 | BU59: =AVERAGE(BU$57:BW$57)^12/100^11-100 -> 6.1255331 | ... CC59: =AVERAGE(CC$57:CE$57)^12/100^11-100 -> 8.99049
A60: 46296 | E60: 100.3 | F60: =ROUND(PRODUCT(E49:E60)/100^11,2) -> 104.17 | J60: 100.3 | L60: 104.4 | N60: 100.44051 | O60: =ROUND(PRODUCT(N49:N60)/100^11,2) -> 105.76 | P60: 100.44051 | Q60: 104.80352 | BE60: 41030 | BF60: 1.32 | BK60: Непроды | BN60: 0.95 | BO60: -0.04 | BP60: 0.41 | BQ60: 0.4 | BR60: -0.16 | BS60: 0.13 | BT60: 0.23 | BU60: 0.11 | BV60: 0.24 | BW60: 0.21 | BX60: 1.49 | BY60: 0.76 | BZ60: 0.7 | CA60: 0.4 | CB60: 0.79 | CC60: 0.39
A61: 46327 | E61: 100.5 | F61: =ROUND(PRODUCT(E50:E61)/100^11,2) -> 104.48 | J61: 100.5 | L61: 104.35 | N61: 100.59655 | O61: =ROUND(PRODUCT(N50:N61)/100^11,2) -> 105.31 | P61: 100.59655 | Q61: 104.46454 | BE61: 41395 | BF61: 1.44 | BK61: Проды | BN61: 0.01 | BO61: 0.28 | BP61: 1.58 | BQ61: 0.32 | BR61: 1.15 | BS61: 0.85 | BT61: 1.34 | BU61: 0.84 | BV61: 1.08 | BW61: 0.78 | BX61: 2.56 | BY61: -0.94 | BZ61: 0.41 | CA61: 0.19 | CB61: -1.47 | CC61: 1.33
A62: 46357 | E62: 100.4 | F62: =ROUND(PRODUCT(E51:E62)/100^11,2) -> 104.22 | J62: 100.4 | L62: 104.14 | N62: 100.4551 | O62: =ROUND(PRODUCT(N51:N62)/100^11,2) -> 104.81 | P62: 100.4551 | Q62: 104.03529 | V62: 0.39481 | W62: 0.36534 | X62: 0.23985 | BE62: 41760 | BF62: 0.65 | BK62: Услуги | BN62: 3.01 | BO62: 0.35 | BP62: 0.69 | BQ62: 0.44 | BR62: 0.55 | BS62: 0.59 | BT62: 1.09 | BU62: -0.35 | BV62: 0.91 | BW62: 0.3 | BX62: 0.84 | BY62: 0.12 | BZ62: 0.37 | CA62: 0.86 | CB62: 0.26 | CC62: 0.2
U63: mom | V63: Проды | W63: Непроды | X63: Услуги | AA63: 40452 | AB63: 0.92 | BE63: 42125 | BF63: 0.37
F64: =AVERAGE(F39:F50) -> 108.33083 | T64: 40452 | U64: 0.5 | V64: 5.61 | W64: 0.16 | X64: -0.39 | AA64: 40817 | AB64: 0.46 | BE64: 42491 | BF64: 0.21
T65: 40817 | U65: 0.33 | V65: 1.26 | W65: 0.95 | X65: -0.35 | AA65: 41183 | AB65: 0.7 | BE65: 42856 | BF65: 0.46
T66: 41183 | U66: 0.46 | V66: 0.24 | W66: 0.79 | X66: 0.15 | AA66: 41548 | AB66: 0.63 | BE66: 43221 | BF66: 0.09
T67: 41548 | U67: 1.03 | V67: 0.01 | W67: 0.43 | X67: 0.02 | AA67: 41913 | AB67: 0.98 | BE67: 43586 | BF67: 0.53
T68: 41913 | U68: 0.6 | V68: 1.76 | W68: 1.21 | X68: 0.25 | AA68: 42278 | AB68: 0.32 | BE68: 43952 | BF68: 0.12
T69: 42278 | U69: 1.31 | V69: 0.99 | W69: 1.56 | X69: 0.06 | AA69: 42644 | AB69: 0.29 | BE69: 44317 | BF69: 0.41
T70: 42644 | U70: 0.6 | V70: -0.29 | W70: 0.73 | X70: -1.3 | AA70: 43009 | AB70: 0.18 | BE70: 44682 | BF70: 0.68 | BG70: =BF70-0.5 -> 0.18
T71: 43009 | U71: 0.16 | V71: -0.15 | W71: 0.32 | X71: -0.86 | AA71: 43374 | AB71: 0.87 | BE71: 45047 | BF71: -0.25 | BG71: =BF71+0.5 -> 0.25
T72: 43374 | U72: 0.09 | V72: -0.41 | W72: 0.25 | X72: -1 | AA72: 43739 | AB72: 0.39 | BE72: 45413 | BF72: 0.94 | BG72: =BF72-0.5 -> 0.44
T73: 43739 | U73: 0.3 | V73: -0.47 | W73: 0.33 | X73: -1.02 | AA73: 44105 | AB73: 0.78 | BE73: 45778 | BF73: =E43-100 -> -0.07
T74: 44105 | U74: 0.5 | V74: 0.05 | W74: 0.64 | X74: -0.55 | AA74: 44470 | AB74: 0.86 | BE74: Медиана | BF74: =MEDIAN(BF58:BF72) -> 0.46
T75: 44470 | U75: 0.92 | V75: 1.73 | W75: 0.65 | X75: -1.02 | AA75: 44835 | AB75: 0.26 | BE75: Средняя | BF75: =AVERAGEIFS(BF58:BF72,BF58:BF72,"<1,31") -> 0.39692308
T76: 44835 | U76: 0.66 | V76: -0.11 | W76: 0.93 | X76: 0.21 | AA76: 45200 | AB76: 0.74 | BE76: Дисперсия | BF76: =_xlfn.VAR.S(BF58:BF72) -> 0.20250286
T77: 45200 | U77: 0.46 | V77: 2.56 | W77: 1.49 | X77: 0.84 | AA77: 45566 | AB77: 1.5
T78: 45566 | U78: 1.02 | V78: 0.39 | W78: 0.84 | X78: 0.66 | AA78: 45931 | AB78: 1.02
T79: 45931 | U79: 0.78 | V79: 99.95 | W79: 100.75 | X79: 100.36 | AA79: Медиана | AB79: =MEDIAN(AB63:AB77) -> 0.7
T80: Медиана | U80: =MEDIAN(U64:U78) -> 0.5 | AA80: Средняя | AB80: =AVERAGEIFS(AB63:AB77,AB63:AB77,"<1,31") -> 0.59857143
T81: Средняя | U81: =AVERAGEIFS(U64:U78,U64:U78,"<1,31") -> 0.545 | AA81: Дисперсия | AB81: =_xlfn.VAR.S(AB63:AB77) -> 0.1241981
T82: Дисперсия | U82: =_xlfn.VAR.S(U64:U78) -> 0.11764 | BE82: 40330 | BF82: 0.73
BE83: 40695 | BF83: -0.61
X84: 100 | BE84: 41061 | BF84: 0.55
BE85: 41426 | BF85: 0.09
BE86: 41791 | BF86: 0.01
BE87: 42156 | BF87: -0.28
BE88: 42522 | BF88: 0.24
BE89: 42887 | BF89: 0.58
BE90: 43252 | BF90: 0.64
BE91: 43617 | BF91: -0.41
BE92: 43983 | BF92: 0.01
BE93: 44348 | BF93: 0.56
BE94: 44713 | BF94: -0.68
BE95: 45078 | BF95: 0.43
BE96: 45444 | BF96: 0.18
BE97: 45809 | BF97: =E44-100 -> -0.04
BE98: Медиана | BF98: =MEDIAN(BF82:BF96) -> 0.18
BE99: Средняя | BF99: =AVERAGEIFS(BF82:BF96,BF82:BF96,"<1,31") -> 0.136
BE100: Дисперсия | BF100: =_xlfn.VAR.S(BF82:BF96) -> 0.21298286

Sheet РасчетSaar
A1: Date | B1: MoM | C1: MoMF | D1: IPC_BASE | E1: YoY | F1: IPC_BASE_SA | G1: IPC_BASE_SA 2 IPC SA | H1: 3MMASAAR | I1: YoYSA | J1: ВВГУ MomSA | K1: ВВГУ 3mmsaar
A2: 40148 | D2: 100 | F2: 101.37736
A3: 40179 | B3: 1.49 | C3: =B3+100 -> 101.49 | D3: =C3*D2/100 -> 101.49 | E3: 108.84 | F3: 102.33624 | G3: =F3/F2*100 -> 100.94585
A4: 40210 | B4: 1.2 | C4: =B4+100 -> 101.2 | D4: =C4*D3/100 -> 102.70788 | E4: 109.21 | F4: 103.07799 | G4: =F4/F3*100 -> 100.72482
A5: 40238 | B5: 0.92 | C5: =B5+100 -> 100.92 | D5: =C5*D4/100 -> 103.65279 | E5: 108.98 | F5: 103.55137 | G5: =F5/F4*100 -> 100.45924 | H5: =AVERAGE(G3:G5)^12/100^11-100 -> 8.8603197
A6: 40269 | B6: 0.59 | C6: =B6+100 -> 100.59 | D6: =C6*D5/100 -> 104.26434 | E6: 108.04 | F6: 104.20609 | G6: =F6/F5*100 -> 100.63227 | H6: =AVERAGE(G4:G6)^12/100^11-100 -> 7.5121996
A7: 40299 | B7: 0.64 | C7: =B7+100 -> 100.64 | D7: =C7*D6/100 -> 104.93164 | E7: 108.11 | F7: 105.43867 | G7: =F7/F6*100 -> 101.18283 | H7: =AVERAGE(G5:G7)^12/100^11-100 -> 9.4864175
A8: 40330 | B8: 0.73 | C8: =B8+100 -> 100.73 | D8: =C8*D7/100 -> 105.69764 | E8: 107.36 | F8: 105.33045 | G8: =F8/F7*100 -> 99.897361 | H8: =AVERAGE(G6:G8)^12/100^11-100 -> 7.0690291
A9: 40360 | B9: -0.49 | C9: =B9+100 -> 99.51 | D9: =C9*D8/100 -> 105.17972 | E9: 106.82 | F9: 106.42573 | G9: =F9/F8*100 -> 101.03985 | H9: =AVERAGE(G7:G9)^12/100^11-100 -> 8.8176521
A10: 40391 | B10: 0.48 | C10: =B10+100 -> 100.48 | D10: =C10*D9/100 -> 105.68458 | E10: 106.83 | F10: 108.68682 | G10: =F10/F9*100 -> 102.12458 | H10: =AVERAGE(G8:G10)^12/100^11-100 -> 12.958558
A11: 40422 | B11: 2.29 | C11: =B11+100 -> 102.29 | D11: =C11*D10/100 -> 108.10476 | E11: 109.12 | F11: 109.24047 | G11: =F11/F10*100 -> 100.5094 | H11: =AVERAGE(G9:G11)^12/100^11-100 -> 15.726627
A12: 40452 | B12: 0.5 | C12: =B12+100 -> 100.5 | D12: =C12*D11/100 -> 108.64528 | E12: 109.47 | F12: 110.21359 | G12: =F12/F11*100 -> 100.8908 | H12: =AVERAGE(G10:G12)^12/100^11-100 -> 15.04685
A13: 40483 | B13: 0.92 | C13: =B13+100 -> 100.92 | D13: =C13*D12/100 -> 109.64482 | E13: 109.96 | F13: 111.62215 | G13: =F13/F12*100 -> 101.27803 | H13: =AVERAGE(G11:G13)^12/100^11-100 -> 11.25489
A14: 40513 | B14: 1.57 | C14: =B14+100 -> 101.57 | D14: =C14*D13/100 -> 111.36624 | E14: 111.36 | F14: 113.9164 | G14: =F14/F13*100 -> 102.05538 | H14: =AVERAGE(G12:G14)^12/100^11-100 -> 18.268772
A15: 40544 | B15: 2.4 | C15: =B15+100 -> 102.4 | D15: =C15*D14/100 -> 114.03903 | E15: 112.36 | F15: 114.83955 | G15: =F15/F14*100 -> 100.81038 | H15: =AVERAGE(G13:G15)^12/100^11-100 -> 17.894124
A16: 40575 | B16: 1.06 | C16: =B16+100 -> 101.06 | D16: =C16*D15/100 -> 115.24785 | E16: 112.21 | F16: 115.90163 | G16: =F16/F15*100 -> 100.92483 | H16: =AVERAGE(G14:G16)^12/100^11-100 -> 16.261694
... A74: 42339 | B74: 0.62 | C74: =B74+100 -> 100.62 | D74: =C74*D73/100 -> 173.7165 | E74: 115.3 | F74: 174.94446 | G74: =F74/F73*100 -> 100.50612 | H74: =AVERAGE(G72:G74)^12/100^11-100 -> 4.5422559
A75: 42370 | B75: 0.79 | C75: =B75+100 -> 100.79 | D75: =C75*D74/100 -> 175.08886 | E75: 111.62 | F75: 175.63775 | G75: =F75/F74*100 -> 100.39629 | H75: =AVERAGE(G73:G75)^12/100^11-100 -> 5.0390613 | J75: 100.31
A76: 42401 | B76: 0.62 | C76: =B76+100 -> 100.62 | D76: =C76*D75/100 -> 176.17441 | E76: 109.03 | F76: 175.76371 | G76: =F76/F75*100 -> 100.07172 | H76: =AVERAGE(G74:G76)^12/100^11-100 -> 3.9668762 | J76: 100.27
A77: 42430 | B77: 0.25 | C77: =B77+100 -> 100.25 | D77: =C77*D76/100 -> 176.61485 | E77: 107.24 | F77: 177.27679 | G77: =F77/F76*100 -> 100.86086 | H77: =AVERAGE(G75:G77)^12/100^11-100 -> 5.4468942 | J77: 100.03 | K77: =AVERAGE(J75:J77)^12/100^11-100 -> 2.4674731
A78: 42461 | B78: 1.09 | C78: =B78+100 -> 101.09 | D78: =C78*D77/100 -> 178.53995 | E78: 107.08 | F78: 177.73055 | G78: =F78/F77*100 -> 100.25596 | H78: =AVERAGE(G76:G78)^12/100^11-100 -> 4.8591174 | J78: 101 | K78: =AVERAGE(J76:J78)^12/100^11-100 -> 5.3257411
A79: 42491 | B79: 0.21 | C79: =B79+100 -> 100.21 | D79: =C79*D78/100 -> 178.91488 | E79: 106.91 | F79: 178.86088 | G79: =F79/F78*100 -> 100.63598 | H79: =AVERAGE(G77:G79)^12/100^11-100 -> 7.2409473 | J79: 100.26 | K79: =AVERAGE(J77:J79)^12/100^11-100 -> 5.2838002
A80: 42522 | B80: 0.24 | C80: =B80+100 -> 100.24 | D80: =C80*D79/100 -> 179.34428 | E80: 107.47 | F80: 180.56225 | G80: =F80/F79*100 -> 100.95123 | H80: =AVERAGE(G78:G80)^12/100^11-100 -> 7.6269764 | J80: 100.43 | K80: =AVERAGE(J78:J80)^12/100^11-100 -> 6.9734306
A81: 42552 | B81: 0.61 | C81: =B81+100 -> 100.61 | D81: =C81*D80/100 -> 180.43828 | E81: 107.77 | F81: 181.70127 | G81: =F81/F80*100 -> 100.63082 | H81: =AVERAGE(G79:G81)^12/100^11-100 -> 9.2419243 | J81: 101.03 | K81: =AVERAGE(J79:J81)^12/100^11-100 -> 7.1011495
A82: 42583 | B82: 0.09 | C82: =B82+100 -> 100.09 | D82: =C82*D81/100 -> 180.60067 | E82: 107.39 | F82: 181.48653 | G82: =F82/F81*100 -> 99.881813 | H82: =AVERAGE(G80:G82)^12/100^11-100 -> 6.0151694 | J82: 100.56 | K82: =AVERAGE(J80:J82)^12/100^11-100 -> 8.3860482
A83: 42614 | B83: -0.13 | C83: =B83+100 -> 99.87 | D83: =C83*D82/100 -> 180.36589 | E83: 106.18 | F83: 182.43603 | G83: =F83/F82*100 -> 100.52318 | H83: =AVERAGE(G81:G83)^12/100^11-100 -> 4.2228616 | J83: 100.24 | K83: =AVERAGE(J81:J83)^12/100^11-100 -> 7.5706488
A84: 42644 | B84: 0.6 | C84: =B84+100 -> 100.6 | D84: =C84*D83/100 -> 181.44809 | E84: 105.43 | F84: 182.86692 | G84: =F84/F83*100 -> 100.23619 | H84: =AVERAGE(G82:G84)^12/100^11-100 -> 2.5950908 | J84: 100.56 | K84: =AVERAGE(J82:J84)^12/100^11-100 -> 5.577708
A85: 42675 | B85: 0.29 | C85: =B85+100 -> 100.29 | D85: =C85*D84/100 -> 181.97429 | E85: 105.39 | F85: 184.77573 | G85: =F85/F84*100 -> 101.04383 | H85: =AVERAGE(G83:G85)^12/100^11-100 -> 7.4560683 | J85: 100.16 | K85: =AVERAGE(J83:J85)^12/100^11-100 -> 3.9083101
A86: 42705 | B86: 1.33 | C86: =B86+100 -> 101.33 | D86: =C86*D85/100 -> 184.39454 | E86: 106.13 | F86: 185.10631 | G86: =F86/F85*100 -> 100.17891 | H86: =AVERAGE(G84:G86)^12/100^11-100 -> 5.9943268 | J86: 101.04 | K86: =AVERAGE(J84:J86)^12/100^11-100 -> 7.2716587
A87: 42736 | B87: 0.47 | C87: =B87+100 -> 100.47 | D87: =C87*D86/100 -> 185.2612 | E87: 105.79 | F87: 185.29478 | G87: =F87/F86*100 -> 100.10182 | H87: =AVERAGE(G85:G87)^12/100^11-100 -> 5.4287806 | J87: 100.04 | K87: =AVERAGE(J85:J87)^12/100^11-100 -> 5.0743254
A88: 42767 | B88: 0.33 | C88: =B88+100 -> 100.33 | D88: =C88*D87/100 -> 185.87256 | E88: 105.49 | F88: 185.35257 | G88: =F88/F87*100 -> 100.03119 | H88: =AVERAGE(G86:G88)^12/100^11-100 -> 1.2548031 | J88: 99.97 | K88: =AVERAGE(J86:J88)^12/100^11-100 -> 4.2818007
... A166: 45139 | B166: -0.07 | C166: =B166+100 -> 99.93 | D166: =C166*D165/100 -> 268.02841 | E166: 105.56 | F166: 274.44913 | G166: =F166/F165*100 -> 101.65122 | H166: =AVERAGE(G164:G166)^12/100^11-100 -> 12.665468 | J166: 100.62 | K166: =AVERAGE(J164:J166)^12/100^11-100 -> 12.014922
A167: 45170 | B167: 1.75 | C167: =B167+100 -> 101.75 | D167: =C167*D166/100 -> 272.71891 | E167: 107.05 | F167: 275.26515 | G167: =F167/F166*100 -> 100.29733 | H167: =AVERAGE(G165:G167)^12/100^11-100 -> 10.34479 | J167: 102.01 | K167: =AVERAGE(J165:J167)^12/100^11-100 -> 17.597807 | O167: 44256 | P167: 44896 | Q167: 44986 | R167: 45078 | S167: 45170 | T167: 45261 | U167: 45352 | V167: 45444 | W167: 45536 | X167: 45627 | Y167: 45717 | Z167: 45809 | AA167: 45901 | AB167: 45992 | AC167: 46082 | AD167: 46174 | AE167: 46266 | AF167: 46357 | AG167: 46447 | AH167: 46539 | AI167: 46631 | AJ167: 46722
A168: 45200 | B168: 0.46 | C168: =B168+100 -> 100.46 | D168: =C168*D167/100 -> 273.97342 | E168: 106.84 | F168: 277.04336 | G168: =F168/F167*100 -> 100.646 | H168: =AVERAGE(G166:G168)^12/100^11-100 -> 10.886393 | J168: 100.32 | K168: =AVERAGE(J166:J168)^12/100^11-100 -> 12.459572 | O168: 2021 | Q168: 2023 | U168: 2024 | Y168: 2025 | AC168: 2026 | AG168: 2027
A169: 45231 | B169: 0.74 | C169: =B169+100 -> 100.74 | D169: =C169*D168/100 -> 276.00082 | E169: 107.34 | F169: 277.60789 | G169: =F169/F168*100 -> 100.20377 | H169: =AVERAGE(G167:G169)^12/100^11-100 -> 4.6861335 | I169: =AVERAGE(G158:G169)^12/100^11-100 -> 7.0512472 | J169: 100.36 | K169: =AVERAGE(J167:J169)^12/100^11-100 -> 11.306832 | O169: I кв. | P169: IV кв. | Q169: I кв. | R169: II кв. | S169: III кв. | T169: IV кв. | U169: I кв. | V169: II кв. | W169: III кв. | X169: IV кв. | Y169: I кв. | Z169: II кв. | AA169: III кв. | AB169: IV кв. | AC169: I кв. | AD169: II кв. | AE169: III кв. | AF169: IV кв. | AG169: I кв. | AH169: II кв. | AI169: III кв. | AJ169: IV кв.
A170: 45261 | B170: 0.29 | C170: =B170+100 -> 100.29 | D170: =C170*D169/100 -> 276.80122 | E170: 107.05 | F170: 278.83822 | G170: =F170/F169*100 -> 100.44319 | H170: =AVERAGE(G168:G170)^12/100^11-100 -> 5.2962003 | I170: =AVERAGE(G159:G170)^12/100^11-100 -> 6.7629817 | J170: 100.23 | K170: =AVERAGE(J168:J170)^12/100^11-100 -> 3.7013456 | N170: 3MMASAAR | O170: =SUMIFS($K$5:$K$206,$A$5:$A$206,O$167) -> 6.5911112 | P170: =SUMIFS($K$5:$K$206,$A$5:$A$206,P$167) -> 2.9183218 | Q170: =SUMIFS($K$5:$K$206,$A$5:$A$206,Q$167) -> 4.0741543 | R170: =SUMIFS($K$5:$K$206,$A$5:$A$206,R$167) -> 4.6982333 | S170: =SUMIFS($K$5:$K$206,$A$5:$A$206,S$167) -> 17.597807 | T170: =SUMIFS($K$5:$K$206,$A$5:$A$206,T$167) -> 3.7013456 | U170: =SUMIFS($K$5:$K$206,$A$5:$A$206,U$167) -> 2.6312082 | V170: =SUMIFS($K$5:$K$206,$A$5:$A$206,V$167) -> 7.1437535 | ... AF170: =SUMIFS($K$5:$K$206,$A$5:$A$206,AF$167) -> 4.1819232 | AG170: =SUMIFS($K$5:$K$218,$A$5:$A$218,AG$167) -> 4.1585964 | AH170: =SUMIFS($K$5:$K$218,$A$5:$A$218,AH$167) -> 5.0211404 | AI170: =SUMIFS($K$5:$K$218,$A$5:$A$218,AI$167) -> 4.5472891 | AJ170: =SUMIFS($K$5:$K$218,$A$5:$A$218,AJ$167) -> 1.948566
A171: 45292 | B171: 0.87 | C171: =B171+100 -> 100.87 | D171: =C171*D170/100 -> 279.20939 | E171: 106.77 | F171: 279.42434 | G171: =F171/F170*100 -> 100.2102 | H171: =AVERAGE(G169:G171)^12/100^11-100 -> 3.4830317 | I171: =AVERAGE(G160:G171)^12/100^11-100 -> 6.5191623 | J171: 100.36 | K171: =AVERAGE(J169:J171)^12/100^11-100 -> 3.8668869 | N171: YoY | O171: =IF(SUMIFS($E$5:$E$206,$A$5:$A$206,O$167)>90,SUMIFS($E$5:$E$206,$A$5:$A$206,O$167)-100,SUMIFS($E$5:$E$206,$A$5:$A$206,O$167)) -> 6.83 | P171: =IF(SUMIFS($E$5:$E$206,$A$5:$A$206,P$167)>90,SUMIFS($E$5:$E$206,$A$5:$A$206,P$167)-100,SUMIFS($E$5:$E$206,$A$5:$A$206,P$167)) -> 11.9 | Q171: =IF(SUMIFS($E$5:$E$206,$A$5:$A$206,Q$167)>90,SUMIFS($E$5:$E$206,$A$5:$A$206,Q$167)-100,SUMIFS($E$5:$E$206,$A$5:$A$206,Q$167)) -> 6.14 | R171: =IF(SUMIFS($E$5:$E$206,$A$5:$A$206,R$167)>90,SUMIFS($E$5:$E$206,$A$5:$A$206,R$167)-100,SUMIFS($E$5:$E$206,$A$5:$A$206,R$167)) -> 3.69 | S171: =IF(SUMIFS($E$5:$E$206,$A$5:$A$206,S$167)>90,SUMIFS($E$5:$E$206,$A$5:$A$206,S$167)-100,SUMIFS($E$5:$E$206,$A$5:$A$206,S$167)) -> 7.05 | T171: =IF(SUMIFS($E$5:$E$206,$A$5:$A$206,T$167)>90,SUMIFS($E$5:$E$206,$A$5:$A$206,T$167)-100,SUMIFS($E$5:$E$206,$A$5:$A$206,T$167)) -> 7.05 | U171: =IF(SUMIFS($E$5:$E$206,$A$5:$A$206,U$167)>90,SUMIFS($E$5:$E$206,$A$5:$A$206,U$167)-100,SUMIFS($E$5:$E$206,$A$5:$A$206,U$167)) -> 6.68 | V171: =IF(SUMIFS($E$5:$E$206,$A$5:$A$206,V$167)>90,SUMIFS($E$5:$E$206,$A$5:$A$206,V$167)-100,SUMIFS($E$5:$E$206,$A$5:$A$206,V$167)) -> 7.33 | ... AF171: =IF(SUMIFS($E$5:$E$206,$A$5:$A$206,AF$167)>90,SUMIFS($E$5:$E$206,$A$5:$A$206,AF$167)-100,SUMIFS($E$5:$E$206,$A$5:$A$206,AF$167)) -> 5.63 | AG171: =IF(SUMIFS($E$5:$E$218,$A$5:$A$218,AG$167)>90,SUMIFS($E$5:$E$218,$A$5:$A$218,AG$167)-100,SUMIFS($E$5:$E$218,$A$5:$A$218,AG$167)) -> 4.45 | AH171: =IF(SUMIFS($E$5:$E$218,$A$5:$A$218,AH$167)>90,SUMIFS($E$5:$E$218,$A$5:$A$218,AH$167)-100,SUMIFS($E$5:$E$218,$A$5:$A$218,AH$167)) -> 5.11 | AI171: =IF(SUMIFS($E$5:$E$218,$A$5:$A$218,AI$167)>90,SUMIFS($E$5:$E$218,$A$5:$A$218,AI$167)-100,SUMIFS($E$5:$E$218,$A$5:$A$218,AI$167)) -> 5.37 | AJ171: =IF(SUMIFS($E$5:$E$218,$A$5:$A$218,AJ$167)>90,SUMIFS($E$5:$E$218,$A$5:$A$218,AJ$167)-100,SUMIFS($E$5:$E$218,$A$5:$A$218,AJ$167)) -> 4.02
A172: 45323 | B172: 0.53 | C172: =Прогноз!E28 -> 100.53 | D172: =C172*D171/100 -> 280.6892 | E172: 106.54 | F172: 280.45667 | G172: =F172/F171*100 -> 100.36945 | H172: =AVERAGE(G170:G172)^12/100^11-100 -> 4.1689565 | I172: =AVERAGE(G161:G172)^12/100^11-100 -> 6.6757115 | J172: 100.09 | K172: =AVERAGE(J170:J172)^12/100^11-100 -> 2.7541668
A173: 45352 | B173: 0.53 | C173: =Прогноз!E29 -> 100.53 | D173: =C173*D172/100 -> 282.17686 | E173: 106.68 | F173: 281.22829 | G173: =F173/F172*100 -> 100.27513 | H173: =AVERAGE(G171:G173)^12/100^11-100 -> 3.4732115 | I173: =AVERAGE(G162:G173)^12/100^11-100 -> 6.3495329 | J173: 100.2 | K173: =AVERAGE(J171:J173)^12/100^11-100 -> 2.6312082
A174: 45383 | C174: =Прогноз!E30 -> 100.38 | D174: =C174*D173/100 -> 283.24913 | E174: 106.32 | F174: 284.3441 | G174: =F174/F173*100 -> 101.10793 | H174: =AVERAGE(G172:G174)^12/100^11-100 -> 7.2397015 | I174: =AVERAGE(G163:G174)^12/100^11-100 -> 7.6317453 | J174: 100.26 | K174: =AVERAGE(J172:J174)^12/100^11-100 -> 2.2223195
A175: 45413 | C175: =Прогноз!E31 -> 100.94 | D175: =C175*D174/100 -> 285.91167 | E175: 107.59 | F175: 285.9841 | G175: =F175/F174*100 -> 100.57676 | H175: =AVERAGE(G173:G175)^12/100^11-100 -> 8.1271873 | I175: =AVERAGE(G164:G175)^12/100^11-100 -> 7.3633517 | J175: 100.97 | K175: =AVERAGE(J173:J175)^12/100^11-100 -> 5.8723678
A176: 45444 | C176: =Прогноз!E32 -> 100.18 | D176: =C176*D175/100 -> 286.42631 | E176: 107.33 | F176: 289.91973 | G176: =F176/F175*100 -> 101.37617 | H176: =AVERAGE(G174:G176)^12/100^11-100 -> 12.954421 | I176: =AVERAGE(G165:G176)^12/100^11-100 -> 7.9558823 | J176: 100.5 | K176: =AVERAGE(J174:J176)^12/100^11-100 -> 7.1437535
A177: 45474 | C177: =Прогноз!E33 -> 101.07 | D177: =C177*D176/100 -> 289.49107 | E177: 107.94 | F177: 291.92145 | G177: =F177/F176*100 -> 100.69044 | H177: =AVERAGE(G175:G177)^12/100^11-100 -> 11.101267 | I177: =AVERAGE(G166:G177)^12/100^11-100 -> 8.1361057 | J177: 101.74 | K177: =AVERAGE(J175:J177)^12/100^11-100 -> 13.623245
A178: 45505 | C178: =Прогноз!E34 -> 100.09 | D178: =C178*D177/100 -> 289.75162 | E178: =Прогноз!F34 -> 108.1 | F178: 293.41422 | G178: =F178/F177*100 -> 100.51136 | H178: =AVERAGE(G176:G178)^12/100^11-100 -> 10.813485 | I178: =AVERAGE(G167:G178)^12/100^11-100 -> 6.9178455 | J178: 100.82 | K178: =AVERAGE(J176:J178)^12/100^11-100 -> 12.950555
A179: 45536 | C179: =Прогноз!E35 -> 100.62 | D179: =C179*D178/100 -> 291.54808 | E179: =Прогноз!F35 -> 106.91 | F179: 295.88006 | G179: =F179/F178*100 -> 100.8404 | H179: =AVERAGE(G177:G179)^12/100^11-100 -> 8.4816736 | I179: =AVERAGE(G168:G179)^12/100^11-100 -> 7.4966814 | J179: 100.91 | K179: =AVERAGE(J177:J179)^12/100^11-100 -> 14.797946
A180: 45566 | C180: =Прогноз!E36 -> 101.02 | D180: =C180*D179/100 -> 294.52187 | E180: =Прогноз!F36 -> 107.49 | F180: 300.04295 | G180: =F180/F179*100 -> 101.40695 | H180: =AVERAGE(G178:G180)^12/100^11-100 -> 11.6104 | I180: =AVERAGE(G169:G180)^12/100^11-100 -> 8.3125927 | J180: 100.94 | K180: =AVERAGE(J178:J180)^12/100^11-100 -> 11.21861
A181: 45597 | C181: =Прогноз!E37 -> 101.5 | D181: =C181*D180/100 -> 298.93969 | E181: =Прогноз!F37 -> 108.31 | F181: 302.56373 | G181: =F181/F180*100 -> 100.84014 | H181: =AVERAGE(G179:G181)^12/100^11-100 -> 13.073548 | I181: =AVERAGE(G170:G181)^12/100^11-100 -> 8.9992774 | J181: 101.17 | K181: =AVERAGE(J179:J181)^12/100^11-100 -> 12.771789
A182: 45627 | C182: =Прогноз!E38 -> 100.91 | D182: =C182*D181/100 -> 301.66005 | E182: =Прогноз!F38 -> 108.98 | F182: 303.75908 | G182: =F182/F181*100 -> 100.39508 | H182: =AVERAGE(G180:G182)^12/100^11-100 -> 11.095941 | I182: =AVERAGE(G171:G182)^12/100^11-100 -> 8.9472207 | J182: 100.86 | K182: =AVERAGE(J180:J182)^12/100^11-100 -> 12.548696
A183: 45658 | C183: =Прогноз!E39 -> 100.84 | D183: =C183*D182/100 -> 304.19399 | E183: =Прогноз!F39 -> 108.95 | F183: 306.79536 | G183: =F183/F182*100 -> 100.99957 | H183: =AVERAGE(G181:G183)^12/100^11-100 -> 9.3146181 | I183: =AVERAGE(G172:G183)^12/100^11-100 -> 9.8041674 | J183: 100.28 | K183: =AVERAGE(J181:J183)^12/100^11-100 -> 9.6415339
A184: 45689 | C184: =Прогноз!E40 -> 101.34 | D184: =C184*D183/100 -> 308.27019 | E184: =Прогноз!F40 -> 109.83 | F184: 308.78047 | G184: =F184/F183*100 -> 100.64705 | H184: =AVERAGE(G182:G184)^12/100^11-100 -> 8.4794918 | I184: =AVERAGE(G173:G184)^12/100^11-100 -> 10.106998 | J184: 100.88 | K184: =AVERAGE(J182:J184)^12/100^11-100 -> 8.3860482
A185: 45717 | C185: =Прогноз!E41 -> 100.81 | D185: =C185*D184/100 -> 310.76718 | E185: =Прогноз!F41 -> 110.13 | F185: 310.17113 | G185: =F185/F184*100 -> 100.45037 | H185: =AVERAGE(G183:G185)^12/100^11-100 -> 8.718054 | I185: =AVERAGE(G174:G185)^12/100^11-100 -> 10.298563 | J185: 100.35 | K185: =AVERAGE(J183:J185)^12/100^11-100 -> 6.2100447
A186: 45748 | C186: =Прогноз!E42 -> 100.53 | D186: =C186*D185/100 -> 312.41424 | E186: =Прогноз!F42 -> 110.3 | F186: 310.51699 | G186: =F186/F185*100 -> 100.1115 | H186: =AVERAGE(G184:G186)^12/100^11-100 -> 4.9443252 | I186: =AVERAGE(G175:G186)^12/100^11-100 -> 9.2133859 | J186: 100.25 | K186: =AVERAGE(J184:J186)^12/100^11-100 -> 6.0833003
A187: 45778 | C187: =Прогноз!E43 -> 99.93 | D187: =C187*D186/100 -> 312.19555 | E187: =Прогноз!F43 -> 109.2 | F187: 311.62386 | G187: =F187/F186*100 -> 100.35646 | H187: =AVERAGE(G185:G187)^12/100^11-100 -> 3.7358304 | I187: =AVERAGE(G176:G187)^12/100^11-100 -> 8.9747838 | J187: 99.98 | K187: =AVERAGE(J185:J187)^12/100^11-100 -> 2.344829
A188: 45809 | C188: =Прогноз!E44 -> 99.96 | D188: =C188*D187/100 -> 312.07068 | E188: =Прогноз!F44 -> 108.96 | F188: 313.68494 | G188: =F188/F187*100 -> 100.6614 | H188: =AVERAGE(G186:G188)^12/100^11-100 -> 4.612175 | I188: =AVERAGE(G177:G188)^12/100^11-100 -> 8.2039337 | J188: 100.32 | K188: =AVERAGE(J186:J188)^12/100^11-100 -> 2.2223195
A189: 45839 | C189: =Прогноз!E45 -> 100.36 | D189: =C189*D188/100 -> 313.19413 | E189: =Прогноз!F45 -> 108.19 | F189: 313.77596 | G189: =F189/F188*100 -> 100.02902 | H189: =AVERAGE(G187:G189)^12/100^11-100 -> 4.2688194 | I189: =AVERAGE(G178:G189)^12/100^11-100 -> 7.4950713 | J189: 101.01 | K189: =AVERAGE(J187:J189)^12/100^11-100 -> 5.3676972
... A196: 46054 | C196: =Прогноз!E52 -> 101.1 | D196: =C196*D195/100 -> 326.21322 | E196: =Прогноз!F52 -> 105.82 | F196: 325.83176 | G196: =F196/F195*100 -> 100.3769 | H196: =AVERAGE(G194:G196)^12/100^11-100 -> 9.4035646 | I196: =AVERAGE(G185:G196)^12/100^11-100 -> 5.52887 | J196: 100.62 | K196: =AVERAGE(J194:J196)^12/100^11-100 -> 7.6990211
A197: 46082 | C197: =Прогноз!E53 -> 100.54 | D197: =C197*D196/100 -> 327.97477 | E197: =Прогноз!F53 -> 105.54 | F197: 324.71394 | G197: =F197/F196*100 -> 99.656936 | H197: =AVERAGE(G195:G197)^12/100^11-100 -> 3.1702556 | I197: =AVERAGE(G186:G197)^12/100^11-100 -> 4.6983224 | J197: =G197 -> 99.656936 | K197: =AVERAGE(J195:J197)^12/100^11-100 -> 5.145237
A198: 46113 | C198: =Прогноз!E54 -> 99.72 | D198: =C198*D197/100 -> 327.05644 | E198: =Прогноз!F54 -> 104.69 | F198: 325.00143 | G198: =F198/F197*100 -> 100.08853 | H198: =AVERAGE(G196:G198)^12/100^11-100 -> 0.49060183 | I198: =AVERAGE(G187:G198)^12/100^11-100 -> 4.6743684 | J198: =G198 -> 100.08853 | K198: =AVERAGE(J196:J198)^12/100^11-100 -> 1.4717188
A199: 46143 | C199: =Прогноз!E55 -> 100.1 | D199: =C199*D198/100 -> 327.3835 | E199: =Прогноз!F55 -> 104.86 | F199: 326.27519 | G199: =F199/F198*100 -> 100.39192 | H199: =AVERAGE(G197:G199)^12/100^11-100 -> 0.5509644 | I199: =AVERAGE(G188:G199)^12/100^11-100 -> 4.7113544 | J199: =G199 -> 100.39192 | K199: =AVERAGE(J197:J199)^12/100^11-100 -> 0.5509644
A200: 46174 | C200: =Прогноз!E56 -> 100.3 | D200: =C200*D199/100 -> 328.36565 | E200: =Прогноз!F56 -> 105.22 | F200: 326.93368 | G200: =F200/F199*100 -> 100.20182 | H200: =AVERAGE(G198:G200)^12/100^11-100 -> 2.7635132 | I200: =AVERAGE(G189:G200)^12/100^11-100 -> 4.2329698 | J200: =G200 -> 100.20182 | K200: =AVERAGE(J198:J200)^12/100^11-100 -> 2.7635132
A201: 46204 | C201: =Прогноз!E57 -> 99.9 | D201: =C201*D200/100 -> 328.03728 | E201: =Прогноз!F57 -> 104.74 | F201: 328.39423 | G201: =F201/F200*100 -> 100.44674 | H201: =AVERAGE(G199:G201)^12/100^11-100 -> 4.2422623 | I201: =AVERAGE(G190:G201)^12/100^11-100 -> 4.6677048 | J201: =G201 -> 100.44674 | K201: =AVERAGE(J199:J201)^12/100^11-100 -> 4.2422623
A202: 46235 | C202: =Прогноз!E58 -> 99.85 | D202: =C202*D201/100 -> 327.54523 | E202: =Прогноз!F58 -> 105.18 | F202: 329.48082 | G202: =F202/F201*100 -> 100.33088 | H202: =AVERAGE(G200:G202)^12/100^11-100 -> 3.9888973 | I202: =AVERAGE(G191:G202)^12/100^11-100 -> 4.094083 | J202: =G202 -> 100.33088 | K202: =AVERAGE(J200:J202)^12/100^11-100 -> 3.9888973
A203: 46266 | C203: =Прогноз!E59 -> 100.45 | D203: =C203*D202/100 -> 329.01918 | E203: =Прогноз!F59 -> 104.61 | F203: 333.07069 | G203: =F203/F202*100 -> 101.08955 | H203: =AVERAGE(G201:G203)^12/100^11-100 -> 7.7297463 | I203: =AVERAGE(G192:G203)^12/100^11-100 -> 4.8797755 | J203: =G203 -> 101.08955 | K203: =AVERAGE(J201:J203)^12/100^11-100 -> 7.7297463
A204: 46296 | C204: =Прогноз!E60 -> 101.3 | D204: =C204*D203/100 -> 333.29643 | E204: =Прогноз!F60 -> 105.41 | F204: 333.85394 | G204: =F204/F203*100 -> 100.23516 | H204: =AVERAGE(G202:G204)^12/100^11-100 -> 6.827128 | I204: =AVERAGE(G193:G204)^12/100^11-100 -> 5.0472164 | J204: =G204 -> 100.23516 | K204: =AVERAGE(J202:J204)^12/100^11-100 -> 6.827128
A205: 46327 | C205: =Прогноз!E61 -> 100.3 | D205: =C205*D204/100 -> 334.29632 | E205: =Прогноз!F61 -> 105.57 | F205: 334.89631 | G205: =F205/F204*100 -> 100.31222 | H205: =AVERAGE(G203:G205)^12/100^11-100 -> 6.7478615 | I205: =AVERAGE(G194:G205)^12/100^11-100 -> 5.1256545 | J205: =G205 -> 100.31222 | K205: =AVERAGE(J203:J205)^12/100^11-100 -> 6.7478615
A206: 46357 | C206: =Прогноз!E62 -> 100.35 | D206: =C206*D205/100 -> 335.46636 | E206: =Прогноз!F62 -> 105.63 | F206: 336.49905 | G206: =F206/F205*100 -> 100.47858 | H206: =AVERAGE(G204:G206)^12/100^11-100 -> 4.1819232 | I206: =AVERAGE(G195:G206)^12/100^11-100 -> 4.4447483 | J206: =G206 -> 100.47858 | K206: =AVERAGE(J204:J206)^12/100^11-100 -> 4.1819232
A207: 46388 | C207: =Прогноз!E63 -> 100.95 | D207: =C207*D206/100 -> 338.65329 | E207: =Прогноз!F63 -> 104.96 | F207: 337.50123 | G207: =F207/F206*100 -> 100.29783 | H207: =AVERAGE(G205:G207)^12/100^11-100 -> 4.4424779 | I207: =AVERAGE(G196:G207)^12/100^11-100 -> 3.9778148 | J207: =G207 -> 100.29783 | K207: =AVERAGE(J205:J207)^12/100^11-100 -> 4.4424779
A208: 46419 | C208: =Прогноз!E64 -> 100.65 | D208: =C208*D207/100 -> 340.85453 | E208: =Прогноз!F64 -> 104.49 | F208: 338.63299 | G208: =F208/F207*100 -> 100.33533 | H208: =AVERAGE(G206:G208)^12/100^11-100 -> 4.5387249 | I208: =AVERAGE(G197:G208)^12/100^11-100 -> 3.9347396 | J208: =G208 -> 100.33533 | K208: =AVERAGE(J206:J208)^12/100^11-100 -> 4.5387249
... A218: 46722 | C218: =Прогноз!E74 -> 100 | D218: =C218*D217/100 -> 348.9429 | E218: =Прогноз!F74 -> 104.02 | F218: 349.66104 | G218: =F218/F217*100 -> 100.36793 | H218: =AVERAGE(G216:G218)^12/100^11-100 -> 1.948566 | I218: =AVERAGE(G207:G218)^12/100^11-100 -> 3.9127373 | J218: =G218 -> 100.36793 | K218: =AVERAGE(J216:J218)^12/100^11-100 -> 1.948566

Sheet Корректировки

Sheet Описания
A1: Дата
A2: MoM | B2: Прогнозный МоМ
A3: Прогнозный YoY

Sheet Параметры
A1: Значение
A2: {=MID(CELL("filename",A1),1,SEARCH("[",CELL("filename",A1))-1)&"IPC.xlsx"} -> C:\ЦБ_Работа\04_Прогноз\_1_Прогноз\_Актуальный прогноз\2026\062026\IPC.xlsx

Sheet Лист1
A1: Day | B1: YoY | C1: MoM | I1: Day | J1: YoY | K1: MoM | L1: Столбец1 | P1: dnd
A2: 40269 | B2: 8.04 | C2: 0.59 | I2: 40179 | J2: 8.84 | K2: 1.49 | Q2: Seasonally adjusted
A3: 40634 | B3: 12.45 | C3: 0.6 | I3: 40210 | J3: 9.21 | K3: 1.2 | P3: 40148 | Q3: 100.24335
A4: 41000 | B4: 3.89 | C4: 0.42 | I4: 40238 | J4: 8.98 | K4: 0.92 | P4: 40179 | Q4: 101.4075
A5: 41365 | B5: 9.34 | C5: 1.25 | I5: 40269 | J5: 8.04 | K5: 0.59 | P5: 40210 | Q5: 102.39394
A6: 41730 | B6: 6.82 | C6: 0.63 | I6: 40299 | J6: 8.11 | K6: 0.64 | P6: 40238 | Q6: 103.15606
A7: 42095 | B7: 17.22 | C7: 1.24 | I7: 40330 | J7: 7.36 | K7: 0.73 | P7: 40269 | Q7: 103.55263
A8: 42461 | B8: 7.08 | C8: 1.09 | I8: 40360 | J8: 6.82 | K8: -0.49 | P8: 40299 | Q8: 104.21708
A9: 42826 | B9: 5.11 | C9: 0.77 | I9: 40391 | J9: 6.83 | K9: 0.48 | P9: 40330 | Q9: 105.40698
A10: 43191 | B10: 1.58 | C10: 0.5 | I10: 40422 | J10: 9.12 | K10: 2.29 | P10: 40360 | Q10: 105.23083
A11: 43556 | B11: 5.65 | C11: 0.59 | I11: 40452 | J11: 9.47 | K11: 0.5 | P11: 40391 | Q11: 106.32149
A12: 43922 | B12: 3.57 | C12: 1.3 | I12: 40483 | J12: 9.96 | K12: 0.92 | P12: 40422 | Q12: 108.73519
A13: 44287 | B13: 6.37 | C13: 0.86 | I13: 40513 | J13: 11.36 | K13: 1.57 | P13: 40452 | Q13: 109.25882
A14: 44652 | B14: 16 | C14: 3.28 | I14: 40544 | J14: 12.36 | K14: 2.4 | P14: 40483 | Q14: 110.18349
A15: 45017 | B15: 3.51 | C15: 0.72 | I15: 40575 | J15: 12.21 | K15: 1.06 | P15: 40513 | Q15: 111.63598
A16: 45383 | B16: 6.32 | C16: 0.38 | E16: Средн | I16: 40603 | J16: 12.43 | K16: 1.12 | P16: 40544 | Q16: 113.94881
E17: =AVERAGE(Таблица1[MoM]) -> 0.948 | F17: =AVERAGEIF(Таблица1[MoM],"<2",Таблица1[MoM]) -> 0.78142857 | I17: 40634 | J17: 12.45 | K17: 0.6 | P17: 40575 | Q17: 114.8991
I18: 40664 | J18: 12.08 | K18: 0.31 | P18: 40603 | Q18: 115.98362
I19: 40695 | J19: 10.59 | K19: -0.61 | P19: 40634 | Q19: 116.43787
I20: 40725 | J20: 11.1 | K20: -0.04 | P20: 40664 | Q20: 116.79926
I21: 40756 | J21: 10.37 | K21: -0.18 | P21: 40695 | Q21: 116.56154
I22: 40787 | J22: 8.74 | K22: 0.78 | P22: 40725 | Q22: 116.88623
I23: 40817 | J23: 8.56 | K23: 0.33 | P23: 40756 | Q23: 117.3221
I24: 40848 | J24: 8.07 | K24: 0.46 | P24: 40787 | Q24: 118.22218
I25: 40878 | J25: 6.74 | K25: 0.32 | P25: 40817 | Q25: 118.58727
I26: 40909 | J26: 4.58 | K26: 0.33 | P26: 40848 | Q26: 119.04445
I27: 40940 | J27: 4.53 | K27: 1.02 | P27: 40878 | Q27: 119.13195
I28: 40969 | J28: 4.08 | K28: 0.68 | P28: 40909 | Q28: 119.15198
I29: 41000 | J29: 3.89 | K29: 0.42 | P29: 40940 | Q29: 120.10058
... I35: 41183 | J35: 7.93 | K35: 0.46 | P35: 41122 | Q35: 126.90935
I36: 41214 | J36: 8.18 | K36: 0.7 | L36: =AVERAGE(K33:K35) -> 0.32 | P36: 41153 | Q36: 127.43757
I37: 41244 | J37: 8.75 | K37: 0.84 | L37: =AVERAGE(K34:K36) -> 0.52666667 | P37: 41183 | Q37: 127.99159
I38: 41275 | J38: 9.19 | K38: 0.74 | L38: =AVERAGE(K35:K37) -> 0.66666667 | P38: 41214 | Q38: 128.79003
I39: 41306 | J39: 8.64 | K39: 0.51 | L39: =AVERAGE(K36:K38) -> 0.76 | P39: 41244 | Q39: 129.5532
I40: 41334 | J40: 8.45 | K40: 0.5 | L40: =AVERAGE(K37:K39) -> 0.69666667 | P40: 41275 | Q40: 130.11403
I41: 41365 | J41: 9.34 | K41: 1.25 | L41: =AVERAGE(K38:K40) -> 0.58333333 | P41: 41306 | Q41: 130.49122
I42: 41395 | J42: 9.47 | K42: 1.44 | L42: =AVERAGE(K39:K41) -> 0.75333333 | P42: 41334 | Q42: 130.91645
I43: 41426 | J43: 8.97 | K43: 0.09 | L43: =AVERAGE(K40:K42) -> 1.0633333 | P43: 41365 | Q43: 132.26416
I44: 41456 | J44: 7.87 | K44: 0.58 | L44: =AVERAGE(K41:K43) -> 0.92666667 | P44: 41395 | Q44: 134.16697
I45: 41487 | J45: 7.38 | K45: -0.38 | L45: =AVERAGE(K42:K44) -> 0.70333333 | P45: 41426 | Q45: 134.83081
I46: 41518 | J46: 7.11 | K46: 0.17 | L46: =AVERAGE(K43:K45) -> 0.096666667 | P46: 41456 | Q46: 136.03338
I47: 41548 | J47: 7.71 | K47: 1.03 | L47: =AVERAGE(K44:K46) -> 0.12333333 | P47: 41487 | Q47: 136.2654
... I174: 45413 | J174: 7.59 | K174: 0.94 | L174: =AVERAGE(K171:K173) -> 0.48 | P174: 45352 | Q174: 280.909
I175: 45444 | J175: 7.33 | K175: 0.18 | L175: =AVERAGE(K172:K174) -> 0.61666667 | P175: 45383 | Q175: 281.34195 | R175: 100.33
I176: 45474 | J176: 7.94 | K176: 1.07 | L176: =AVERAGE(K173:K175) -> 0.5 | P176: 45413 | Q176: 284.06794 | R176: 100.33
I177: 45505 | J177: 8.1 | K177: 0.09 | L177: =AVERAGE(K174:K176) -> 0.73 | P177: 45444 | Q177: 285.66734 | R177: 100.33
I178: 45536 | J178: 6.91 | K178: 0.62 | L178: =AVERAGE(K175:K177) -> 0.44666667 | P178: 45474 | Q178: 289.52965 | R178: 100.33
I179: 45566 | J179: 7.49 | K179: 1.02 | L179: =AVERAGE(K176:K178) -> 0.59333333 | P179: 45505 | Q179: 291.4025 | R179: 100.33
I180: 45597 | J180: 8.31 | K180: 1.5 | L180: =AVERAGE(K177:K179) -> 0.57666667 | P180: 45536 | Q180: 293.29252 | R180: 100.33
I181: 45627 | J181: 8.98 | K181: 0.91 | L181: =AVERAGE(K178:K180) -> 1.0466667 | P181: 45566 | Q181: 296.13197 | R181: 100.33
I182: 45658 | J182: 8.95 | K182: 0.84 | L182: =AVERAGE(K179:K181) -> 1.1433333 | P182: 45597 | Q182: 300.23152 | R182: 100.33
I183: 45689 | J183: 9.83 | K183: 1.34 | L183: =AVERAGE(K180:K182) -> 1.0833333 | P183: 45627 | Q183: 302.4028 | R183: 100.33
I184: 45717 | K184: 0.8 | L184: =AVERAGE(K181:K183) -> 1.03 | P184: 45658 | Q184: 304.02493 | R184: 100.33
I185: 45748 | L185: =AVERAGE(K182:K184) -> 0.99333333 | P185: 45689 | Q185: 307.37945 | R185: 100.33
P186: 45717 | Q186: 309.33484 | R186: 100.33 | S186: =ROUND(PRODUCT(R175:R186)/100^11,2) -> 104.03
P187: 45748 | Q187: 310.03247
P188: 45778 | Q188: 310.74604
P189: 45809 | Q189: 312.21431
P190: 45839 | Q190: 316.20554
P191: 45870 | Q191: 317.74172
P192: 45901 | Q192: 318.47616
P193: 45931 | Q193: 319.8399
P194: 45962 | Q194: 320.59281
P195: 45992 | Q195: 320.96636
P196: 46023 | Q196: 322.08255
P197: 46054 | Q197: 323.11095
P198: 46082 | Q198: 324.14853
... P219: 46722 | Q219: 355.79995

Sheet for_sa
A1: Date | B1: IPC_BASE
A2: 40148 | B2: 100
A3: 40179 | B3: 101.49 | F3: 40148 | G3: 100.24389
A4: 40210 | B4: 102.70788 | F4: 40179 | G4: 101.42071
A5: 40238 | B5: 103.65279 | F5: 40210 | G5: 102.41014
A6: 40269 | B6: 104.26434 | F6: 40238 | G6: 103.1774
A7: 40299 | B7: 104.93164 | F7: 40269 | G7: 103.56485
A8: 40330 | B8: 105.69764 | F8: 40299 | G8: 104.2261
A9: 40360 | B9: 105.17972 | F9: 40330 | G9: 105.39896
A10: 40391 | B10: 105.68458 | F10: 40360 | G10: 105.221
A11: 40422 | B11: 108.10476 | F11: 40391 | G11: 106.2937
A12: 40452 | B12: 108.64528 | F12: 40422 | G12: 108.73084
A13: 40483 | B13: 109.64482 | F13: 40452 | G13: 109.24824
A14: 40513 | B14: 111.36624 | F14: 40483 | G14: 110.16693
... A206: 46357 | B206: 335.86595 | F206: 46327 | G206: 335.82118
F207: 46357 | G207: 336.69682
F208: 46388 | G208: 338.31296
F209: 46419 | G209: 340.15779
F210: 46447 | G210: 342.01267
F211: 46478 | G211: 343.87767
F212: 46508 | G212: 345.75284
F213: 46539 | G213: 347.63824
F214: 46569 | G214: 349.53391
F215: 46600 | G215: 351.43993
F216: 46631 | G216: 353.35634
F217: 46661 | G217: 355.28319
F218: 46692 | G218: 357.22056
F219: 46722 | G219: 359.16849
